Title,Artist,Album,Duration
Midnight Serenade,Luna Rivers,Moonlit Dreams,3:42
Electric Dreams,Neon Pulse,Synthetic Memories,4:15
Ocean's Call,Coral Tides,Deep Blue,3:56
Mountain Echo,Alpine Sounds,Higher Ground,5:21
Urban Symphony,City Noise,Concrete Jungle,4:03
Desert Wind,Sandy Dunes,Mirage,3:38
Forest Whispers,Green Canopy,Ancient Trees,4:47
Starlight Journey,Cosmic Travelers,Galactic Voyage,6:12
Rainy Day Blues,Cloudy Skies,Storm Front,3:29
Sunshine Melody,Bright Rays,Summer Days,2:58
Autumn Leaves,Falling Foliage,Seasonal Changes,4:34
Winter's Tale,Frosty Winds,Ice Kingdom,5:07
Spring Awakening,New Beginnings,Rebirth,3:49
Summer Groove,Beach Vibes,Hot Sand,3:22
Twilight Zone,Purple Horizon,Dusk Till Dawn,4:51
Morning Coffee,Caffeine Rush,Wake Up Call,2:46
Nightfall,Dark Shadows,Midnight Hour,5:33
Highway Drive,Road Warriors,Long Journey,4:09
Lost in Thought,Mind Wanderers,Introspection,6:27
Dance Floor,Rhythm Kings,Move Your Body,3:12
Peaceful Moments,Calm Waters,Tranquility,4:38
Heavy Metal,Steel Forge,Iron Will,5:55
Jazz Fusion,Smooth Saxes,Improvisation,7:23
Classical Beauty,String Quartet,Timeless Pieces,8:11
Rock Anthem,Guitar Heroes,Epic Solos,4:29
Pop Sensation,Chart Toppers,Hit Machine,3:17
Country Roads,Western Stars,Open Plains,4:02
Hip Hop Beat,Urban Poets,Word Play,3:45
Electronic Pulse,Digital Waves,Future Sounds,5:18
Reggae Rhythm,Island Grooves,Beach Party,4:43
